{
    "parent": "item/generated",
    "textures": {
        "layer0": "item/apple"
    },

    "overrides": [
        {"predicate": {"custom_model_data":1}, "model":"item/nubx/gentilezza"},
        {"predicate": {"custom_model_data":2}, "model":"item/nubx/coraggio"},
        {"predicate": {"custom_model_data":3}, "model":"item/nubx/giustizia"},
        {"predicate": {"custom_model_data":4}, "model":"item/nubx/determinazione"},
        {"predicate": {"custom_model_data":5}, "model":"item/nubx/integrita"},
        {"predicate": {"custom_model_data":6}, "model":"item/nubx/pazienza"},
        {"predicate": {"custom_model_data":7}, "model":"item/nubx/perseveranza"},
        {"predicate": {"custom_model_data":8}, "model":"item/nubx/mostro"},
        {"predicate": {"custom_model_data":404}, "model":"item/nubx/soulless"}
    ]
}