{
	"credit": "Made with Blockbench",
	"texture_size": [8, 8],
	"textures": {
		"0": "item/asgore_trident/handle_texture",
		"1": "item/asgore_trident/blade_texture",
		"2": "item/asgore_trident/ball_texture",
		"particle": "item/asgore_trident/ball_texture"
	},
	"elements": [
		{
			"from": [8.2, 8.2, 6.2],
			"to": [9.8, 10.8, 7.8],
			"faces": {
				"north": {"uv": [0, 0, 1, 9.5], "texture": "#0"},
				"east": {"uv": [1, 0, 2, 9.5], "texture": "#0"},
				"south": {"uv": [2, 0, 3, 9.5], "texture": "#0"},
				"west": {"uv": [3, 0, 4, 9.5], "texture": "#0"},
				"up": {"uv": [9, 7, 8, 6], "texture": "#0"},
				"down": {"uv": [8, 8, 7, 9], "texture": "#0"}
			}
		},
		{
			"from": [8.5, -6.5, 6.5],
			"to": [9.5, 8.5, 7.5],
			"faces": {
				"north": {"uv": [0, 0, 1, 9.5], "texture": "#0"},
				"east": {"uv": [1, 0, 2, 9.5], "texture": "#0"},
				"south": {"uv": [2, 0, 3, 9.5], "texture": "#0"},
				"west": {"uv": [3, 0, 4, 9.5], "texture": "#0"},
				"up": {"uv": [9, 7, 8, 6], "texture": "#0"},
				"down": {"uv": [8, 8, 7, 9], "texture": "#0"}
			}
		},
		{
			"from": [8, -8, 6],
			"to": [10, -6, 8],
			"faces": {
				"north": {"uv": [0, 0, 1, 9.5], "texture": "#0"},
				"east": {"uv": [1, 0, 2, 9.5], "texture": "#0"},
				"south": {"uv": [2, 0, 3, 9.5], "texture": "#0"},
				"west": {"uv": [3, 0, 4, 9.5], "texture": "#0"},
				"up": {"uv": [9, 7, 8, 6], "texture": "#0"},
				"down": {"uv": [8, 8, 7, 9], "texture": "#0"}
			}
		},
		{
			"from": [7.85, -13.15, 5.85],
			"to": [10.15, -7.85, 8.15],
			"faces": {
				"north": {"uv": [6, 0, 7, 2.5], "texture": "#0"},
				"east": {"uv": [6, 2.5, 7, 5], "texture": "#0"},
				"south": {"uv": [4, 6, 5, 8.5], "texture": "#0"},
				"west": {"uv": [5, 6, 6, 8.5], "texture": "#0"},
				"up": {"uv": [9, 8, 8, 7], "texture": "#0"},
				"down": {"uv": [9, 8, 8, 9], "texture": "#0"}
			}
		},
		{
			"from": [7.95, 8.95, 5.95],
			"to": [10.05, 11.05, 8.05],
			"faces": {
				"north": {"uv": [6, 7, 7, 9], "texture": "#0"},
				"east": {"uv": [7, 6, 8, 8], "texture": "#0"},
				"south": {"uv": [8, 0, 9, 2], "texture": "#0"},
				"west": {"uv": [8, 2, 9, 4], "texture": "#0"},
				"up": {"uv": [5, 9.5, 4, 8.5], "texture": "#0"},
				"down": {"uv": [6, 8.5, 5, 9.5], "texture": "#0"}
			}
		},
		{
			"from": [9, 13, -11.5],
			"to": [9, 31, 26.5],
			"faces": {
				"north": {"uv": [0, 0, 0, 7], "texture": "#1"},
				"east": {"uv": [0, 0, 15, 7], "texture": "#1"},
				"south": {"uv": [0, 0, 0, 7], "texture": "#1"},
				"west": {"uv": [0.25, 0, 15.25, 7], "texture": "#1"},
				"up": {"uv": [0, 15, 0, 0], "texture": "#1"},
				"down": {"uv": [0, 0, 0, 15], "texture": "#1"}
			}
		},
		{
			"from": [10.125, 10.875, 5.875],
			"to": [10.375, 13.125, 8.125],
			"faces": {
				"north": {"uv": [0, 12, 0.5, 16], "texture": "#2"},
				"east": {"uv": [0, 12, 4, 16], "texture": "#2"},
				"south": {"uv": [3.5, 12, 4, 16], "texture": "#2"},
				"west": {"uv": [0, 4, 4, 8], "texture": "#2"},
				"up": {"uv": [0, 4, 0, 0], "texture": "#2"},
				"down": {"uv": [0, 15.5, 4, 16], "rotation": 90, "texture": "#2"}
			}
		},
		{
			"from": [7.875, 10.875, 5.625],
			"to": [10.125, 13.125, 5.875],
			"rotation": {"angle": 0, "axis": "y", "origin": [7.75, 12, 5.75]},
			"faces": {
				"north": {"uv": [0, 12, 4, 16], "texture": "#2"},
				"east": {"uv": [0, 12, 0.5, 16], "texture": "#2"},
				"south": {"uv": [0, 12, 0.5, 16], "texture": "#2"},
				"west": {"uv": [3.5, 12, 4, 16], "texture": "#2"},
				"up": {"uv": [0, 16, 0.5, 12], "rotation": 90, "texture": "#2"},
				"down": {"uv": [0, 15.5, 4, 16], "texture": "#2"}
			}
		},
		{
			"from": [7.875, 10.875, 8.125],
			"to": [10.125, 13.125, 8.375],
			"rotation": {"angle": 0, "axis": "y", "origin": [9, 12, 8.25]},
			"faces": {
				"north": {"uv": [0, 12, 0.5, 16], "texture": "#2"},
				"east": {"uv": [3.5, 12, 4, 16], "texture": "#2"},
				"south": {"uv": [0, 12, 4, 16], "texture": "#2"},
				"west": {"uv": [0, 12, 0.5, 16], "texture": "#2"},
				"up": {"uv": [0, 16, 0.5, 12], "rotation": 270, "texture": "#2"},
				"down": {"uv": [0, 15.5, 4, 16], "rotation": 180, "texture": "#2"}
			}
		},
		{
			"from": [7.625, 10.875, 5.875],
			"to": [7.875, 13.125, 8.125],
			"faces": {
				"north": {"uv": [0, 12, 0.5, 16], "texture": "#2"},
				"east": {"uv": [0, 12, 0.5, 16], "texture": "#2"},
				"south": {"uv": [3.5, 12, 4, 16], "texture": "#2"},
				"west": {"uv": [0, 12, 4, 16], "texture": "#2"},
				"up": {"uv": [0, 16, 0.5, 12], "texture": "#2"},
				"down": {"uv": [0, 15.5, 4, 16], "rotation": 90, "texture": "#2"}
			}
		},
		{
			"from": [7.875, 13.125, 5.875],
			"to": [10.125, 13.375, 8.125],
			"rotation": {"angle": 0, "axis": "y", "origin": [7.75, 13.25, 7]},
			"faces": {
				"north": {"uv": [0, 0, 4, 0], "texture": "#2"},
				"east": {"uv": [0, 0, 4, 0], "texture": "#2"},
				"south": {"uv": [0, 0, 4, 0], "texture": "#2"},
				"west": {"uv": [0, 0, 4, 0], "texture": "#2"},
				"up": {"uv": [8, 4, 4, 0], "texture": "#2"},
				"down": {"uv": [8, 4, 4, 8], "texture": "#2"}
			}
		},
		{
			"from": [7.875, 10.875, 5.875],
			"to": [10.125, 13.125, 8.125],
			"faces": {
				"north": {"uv": [9, 0, 10, 1], "texture": "#0"},
				"east": {"uv": [9, 1, 10, 2], "texture": "#0"},
				"south": {"uv": [9, 2, 10, 3], "texture": "#0"},
				"west": {"uv": [9, 3, 10, 4], "texture": "#0"},
				"up": {"uv": [10, 5, 9, 4], "texture": "#0"},
				"down": {"uv": [10, 5, 9, 6], "texture": "#0"}
			}
		},
		{
			"from": [6, -16, 7],
			"to": [12, -13, 7],
			"faces": {
				"north": {"uv": [4, 3, 6, 4.5], "texture": "#0"},
				"east": {"uv": [0, 0, 0, 1.5], "texture": "#0"},
				"south": {"uv": [6, 3, 4, 4.5], "texture": "#0"},
				"west": {"uv": [0, 0, 0, 1.5], "texture": "#0"},
				"up": {"uv": [2, 0, 0, 0], "texture": "#0"},
				"down": {"uv": [2, 0, 0, 0], "texture": "#0"}
			}
		},
		{
			"from": [9, -16, 3],
			"to": [9, -13, 11],
			"rotation": {"angle": 0, "axis": "y", "origin": [9, 1.5, 7]},
			"faces": {
				"north": {"uv": [0, 0, 0, 1.5], "texture": "#0"},
				"east": {"uv": [4, 3, 6, 4.5], "texture": "#0"},
				"south": {"uv": [0, 0, 0, 1.5], "texture": "#0"},
				"west": {"uv": [6, 3, 4, 4.5], "texture": "#0"},
				"up": {"uv": [0, 2, 0, 0], "texture": "#0"},
				"down": {"uv": [0, 0, 0, 2], "texture": "#0"}
			}
		}
	],
	"display": {
		"thirdperson_righthand": {
			"translation": [-0.75, 6.75, 3]
		},
		"thirdperson_lefthand": {
			"translation": [1.25, 6.75, 3]
		},
		"firstperson_righthand": {
			"rotation": [14, 0, 0]
		},
		"firstperson_lefthand": {
			"rotation": [14, 0, 0]
		},
		"gui": {
			"rotation": [37, 52, -69],
			"translation": [1.5, 1.75, 0]
		},
		"fixed": {
			"rotation": [0, 90, 180],
			"translation": [0, 0, -2.75],
			"scale": [2, 2, 2]
		}
	}
}