{
    "parent": "item/generated",
    "textures": {
        "layer0": "item/dog_residue"
    },
    "display": {
        "thirdperson_righthand": {
            "translation": [0, 3, 1],
            "scale": [1, 1, 1]
        },
        "firstperson_righthand": {
            "translation": [1, 3, 0],
            "scale": [1, 1, 0.5],
            "rotation": [0, 270, 22.5]
        },
        "ground": {
            "scale": [1, 1, 1]
        },
        "gui": {
            "scale": [1.5, 1.5, 1.5],
            "translation": [0, 0, 0]
        }
    }
}