{
	"texture_size": [8, 8],
	"textures": {
		"2": "item/giustiziere/grilletto",
		"3": "item/giustiziere/tamburo_rilievo",
		"7": "item/giustiziere/giustiziere",
		"particle": "item/giustiziere/tamburo_rilievo"
	},
	"elements": [
		{
			"from": [7.675, 2.58099, 11.27211],
			"to": [8.325, 4.33099, 12.64711],
			"rotation": {"angle": -45, "axis": "x", "origin": [9.5, 3.83099, 10.77211]},
			"faces": {
				"north": {"uv": [3, 10, 3.75, 11.75], "texture": "#7"},
				"east": {"uv": [8, 0, 9.5, 1.75], "texture": "#7"},
				"south": {"uv": [10, 4, 10.75, 5.75], "texture": "#7"},
				"west": {"uv": [2, 8, 3.5, 9.75], "texture": "#7"},
				"up": {"uv": [1.75, 12.5, 1, 11], "texture": "#7"},
				"down": {"uv": [11.75, 2, 11, 3.5], "texture": "#7"}
			}
		},
		{
			"from": [7.675, 1.57443, 11.84522],
			"to": [8.325, 3.57443, 13.22022],
			"rotation": {"angle": -22.5, "axis": "x", "origin": [6.5, 3.32443, 11.34522]},
			"faces": {
				"north": {"uv": [4, 9, 4.75, 11], "texture": "#7"},
				"east": {"uv": [6, 0, 7.5, 2], "texture": "#7"},
				"south": {"uv": [9, 4, 9.75, 6], "texture": "#7"},
				"west": {"uv": [2, 6, 3.5, 8], "texture": "#7"},
				"up": {"uv": [0.75, 12.5, 0, 11], "texture": "#7"},
				"down": {"uv": [11.75, 0, 11, 1.5], "texture": "#7"}
			}
		},
		{
			"from": [7.5, 4.23744, 11.07322],
			"to": [8.5, 5.57244, 11.93822],
			"rotation": {"angle": 0, "axis": "x", "origin": [9.5, 2.58744, 12.22322]},
			"faces": {
				"north": {"uv": [9, 10, 10, 11.25], "texture": "#7"},
				"east": {"uv": [11, 7, 11.75, 8.25], "texture": "#7"},
				"south": {"uv": [10, 9, 11, 10.25], "texture": "#7"},
				"west": {"uv": [11, 9, 11.75, 10.25], "texture": "#7"},
				"up": {"uv": [13, 0.75, 12, 0], "texture": "#7"},
				"down": {"uv": [13, 1, 12, 1.75], "texture": "#7"}
			}
		},
		{
			"from": [7.8501, 5.79165, 10.87244],
			"to": [8.1501, 6.07665, 11.28744],
			"rotation": {"angle": -45, "axis": "x", "origin": [7.5, 6.65165, 10.82244]},
			"faces": {
				"north": {"uv": [9, 14, 9.25, 14.5], "texture": "#7"},
				"east": {"uv": [12, 7, 12.75, 7.5], "texture": "#7"},
				"south": {"uv": [14, 9, 14.25, 9.5], "texture": "#7"},
				"west": {"uv": [8, 12, 8.75, 12.5], "texture": "#7"},
				"up": {"uv": [13.25, 10.75, 13, 10], "texture": "#7"},
				"down": {"uv": [11.25, 13, 11, 13.75], "texture": "#7"}
			}
		},
		{
			"from": [7.85, 5.84505, 10.25529],
			"to": [8.15, 6.13005, 11.17029],
			"rotation": {"angle": -22.5, "axis": "x", "origin": [7.5, 6.70505, 10.73029]},
			"faces": {
				"north": {"uv": [2, 14, 2.25, 14.5], "texture": "#7"},
				"east": {"uv": [2, 12, 3, 12.5], "texture": "#7"},
				"south": {"uv": [14, 2, 14.25, 2.5], "texture": "#7"},
				"west": {"uv": [12, 2, 13, 2.5], "texture": "#7"},
				"up": {"uv": [11.25, 13, 11, 12], "texture": "#7"},
				"down": {"uv": [12.25, 11, 12, 12], "texture": "#7"}
			}
		},
		{
			"from": [7.675, 6.66665, 10.04744],
			"to": [7.825, 6.95165, 10.78744],
			"rotation": {"angle": 0, "axis": "x", "origin": [7.5, 6.65165, 11.07244]},
			"faces": {
				"north": {"uv": [7.75, 3.5, 7.5, 3.75], "texture": "#7"},
				"east": {"uv": [5.75, 6, 5, 6.25], "texture": "#7"},
				"south": {"uv": [4.25, 7.5, 4, 7.75], "texture": "#7"},
				"west": {"uv": [6.75, 4.5, 6, 4.75], "texture": "#7"},
				"up": {"uv": [6, 5.75, 6.25, 5], "texture": "#7"},
				"down": {"uv": [6, 6, 6.25, 6.75], "texture": "#7"}
			}
		},
		{
			"from": [8.175, 6.66665, 10.04744],
			"to": [8.325, 6.95165, 10.78744],
			"rotation": {"angle": 0, "axis": "x", "origin": [8.5, 6.65165, 11.07244]},
			"faces": {
				"north": {"uv": [7.5, 3.5, 7.75, 3.75], "texture": "#7"},
				"east": {"uv": [6, 4.5, 6.75, 4.75], "texture": "#7"},
				"south": {"uv": [4, 7.5, 4.25, 7.75], "texture": "#7"},
				"west": {"uv": [5, 6, 5.75, 6.25], "texture": "#7"},
				"up": {"uv": [6.25, 5.75, 6, 5], "texture": "#7"},
				"down": {"uv": [6.25, 6, 6, 6.75], "texture": "#7"}
			}
		},
		{
			"from": [7.5, 4.23744, 8.07322],
			"to": [8.5, 5.66244, 11.07322],
			"rotation": {"angle": 0, "axis": "y", "origin": [7.5, 3.16244, 9.82322]},
			"faces": {
				"north": {"uv": [5, 9, 6, 10.5], "texture": "#7"},
				"east": {"uv": [2, 2, 5, 3.5], "texture": "#7"},
				"south": {"uv": [6, 9, 7, 10.5], "texture": "#7"},
				"west": {"uv": [2, 4, 5, 5.5], "texture": "#7"},
				"up": {"uv": [1, 11, 0, 8], "texture": "#7"},
				"down": {"uv": [2, 8, 1, 11], "texture": "#7"}
			}
		},
		{
			"from": [7.5, 5.66244, 5.07322],
			"to": [8.5, 6.66244, 11.07322],
			"rotation": {"angle": 0, "axis": "y", "origin": [7.5, 3.16244, 9.82322]},
			"faces": {
				"north": {"uv": [4, 11, 5, 12], "texture": "#7"},
				"east": {"uv": [0, 0, 6, 1], "texture": "#7"},
				"south": {"uv": [11, 4, 12, 5], "texture": "#7"},
				"west": {"uv": [0, 1, 6, 2], "texture": "#7"},
				"up": {"uv": [1, 8, 0, 2], "texture": "#7"},
				"down": {"uv": [2, 2, 1, 8], "texture": "#7"}
			}
		},
		{
			"from": [7.825, 6.66665, 4.37244],
			"to": [8.175, 7.20165, 4.78744],
			"rotation": {"angle": 0, "axis": "x", "origin": [7.5, 6.65165, 11.07244]},
			"faces": {
				"north": {"uv": [0, 14, 0.25, 14.5], "texture": "#7"},
				"east": {"uv": [10, 12, 10.5, 12.5], "texture": "#7"},
				"south": {"uv": [14, 0, 14.25, 0.5], "texture": "#7"},
				"west": {"uv": [12, 10, 12.5, 10.5], "texture": "#7"},
				"up": {"uv": [1.25, 14.5, 1, 14], "texture": "#7"},
				"down": {"uv": [14.25, 1, 14, 1.5], "texture": "#7"}
			}
		},
		{
			"from": [7.75, 6.41244, 4.07322],
			"to": [8.25, 6.66244, 5.07322],
			"rotation": {"angle": 0, "axis": "y", "origin": [7.5, 3.16244, 9.82322]},
			"faces": {
				"north": {"uv": [3, 14, 3.5, 14.25], "texture": "#7"},
				"east": {"uv": [12, 12, 13, 12.25], "texture": "#7"},
				"south": {"uv": [14, 3, 14.5, 3.25], "texture": "#7"},
				"west": {"uv": [0, 13, 1, 13.25], "texture": "#7"},
				"up": {"uv": [3.5, 13, 3, 12], "texture": "#7"},
				"down": {"uv": [12.5, 3, 12, 4], "texture": "#7"}
			}
		},
		{
			"from": [7.75, 5.66244, 4.07322],
			"to": [8.25, 5.91244, 5.07322],
			"rotation": {"angle": 0, "axis": "y", "origin": [7.5, 3.16244, 9.82322]},
			"faces": {
				"north": {"uv": [4, 14, 4.5, 14.25], "texture": "#7"},
				"east": {"uv": [13, 0, 14, 0.25], "texture": "#7"},
				"south": {"uv": [14, 4, 14.5, 4.25], "texture": "#7"},
				"west": {"uv": [1, 13, 2, 13.25], "texture": "#7"},
				"up": {"uv": [4.5, 13, 4, 12], "texture": "#7"},
				"down": {"uv": [12.5, 4, 12, 5], "texture": "#7"}
			}
		},
		{
			"from": [8.25, 5.66244, 4.07322],
			"to": [8.5, 6.66244, 5.07322],
			"rotation": {"angle": 0, "axis": "y", "origin": [8.5, 3.16244, 9.82322]},
			"faces": {
				"north": {"uv": [4.5, 7, 4.75, 7.5], "texture": "#7"},
				"east": {"uv": [5.5, 5, 6, 5.5], "texture": "#7"},
				"south": {"uv": [7, 4.5, 7.25, 5], "texture": "#7"},
				"west": {"uv": [5.5, 5.5, 6, 6], "texture": "#7"},
				"up": {"uv": [5.25, 7.5, 5, 7], "texture": "#7"},
				"down": {"uv": [7.25, 5, 7, 5.5], "texture": "#7"}
			}
		},
		{
			"from": [7.75, 4.91244, 5.32322],
			"to": [8.25, 5.66244, 8.07322],
			"rotation": {"angle": 0, "axis": "y", "origin": [7.5, 3.16244, 9.82322]},
			"faces": {
				"north": {"uv": [6, 12, 6.5, 12.75], "texture": "#7"},
				"east": {"uv": [4, 8, 6.75, 8.75], "texture": "#7"},
				"south": {"uv": [7, 12, 7.5, 12.75], "texture": "#7"},
				"west": {"uv": [8, 6, 10.75, 6.75], "texture": "#7"},
				"up": {"uv": [9.5, 9.75, 9, 7], "texture": "#7"},
				"down": {"uv": [8.5, 9, 8, 11.75], "texture": "#7"}
			}
		},
		{
			"name": "cilindro",
			"from": [7.1, 4.66244, 8.57322],
			"to": [8.9, 6.16244, 10.57322],
			"rotation": {"angle": 0, "axis": "y", "origin": [5.5, 4.16244, 9.82322]},
			"faces": {
				"north": {"uv": [4, 6, 6, 7.5], "texture": "#7"},
				"east": {"uv": [6, 6, 8, 7.5], "texture": "#7"},
				"south": {"uv": [7, 2, 9, 3.5], "texture": "#7"},
				"west": {"uv": [7, 4, 9, 5.5], "texture": "#7"},
				"up": {"uv": [7, 4, 5, 2], "texture": "#7"},
				"down": {"uv": [7, 4, 5, 6], "texture": "#7"}
			}
		},
		{
			"from": [7.6, 4.71244, 6.82322],
			"to": [8.4, 5.73744, 8.57322],
			"rotation": {"angle": 0, "axis": "y", "origin": [9.5, 2.23744, 6.57322]},
			"faces": {
				"north": {"uv": [10, 11, 10.75, 12], "texture": "#7"},
				"east": {"uv": [9, 2, 10.75, 3], "texture": "#7"},
				"south": {"uv": [11, 11, 11.75, 12], "texture": "#7"},
				"west": {"uv": [9, 3, 10.75, 4], "texture": "#7"},
				"up": {"uv": [10.75, 1.75, 10, 0], "texture": "#7"},
				"down": {"uv": [2.75, 10, 2, 11.75], "texture": "#7"}
			}
		},
		{
			"from": [7.5, 5.66244, 4.07322],
			"to": [7.75, 6.66244, 5.07322],
			"rotation": {"angle": 0, "axis": "y", "origin": [7.5, 3.16244, 9.82322]},
			"faces": {
				"north": {"uv": [4.75, 7, 4.5, 7.5], "texture": "#7"},
				"east": {"uv": [6, 5.5, 5.5, 6], "texture": "#7"},
				"south": {"uv": [7.25, 4.5, 7, 5], "texture": "#7"},
				"west": {"uv": [6, 5, 5.5, 5.5], "texture": "#7"},
				"up": {"uv": [5, 7.5, 5.25, 7], "texture": "#7"},
				"down": {"uv": [7, 5, 7.25, 5.5], "texture": "#7"}
			}
		},
		{
			"from": [8.3251, 2.78165, 11.53837],
			"to": [8.4751, 4.08165, 12.48837],
			"rotation": {"angle": -45, "axis": "x", "origin": [7.15, 3.80665, 10.78837]},
			"faces": {
				"north": {"uv": [12, 8, 12.25, 9.25], "texture": "#7"},
				"east": {"uv": [7, 10, 8, 11.25], "texture": "#7"},
				"south": {"uv": [9, 12, 9.25, 13.25], "texture": "#7"},
				"west": {"uv": [10, 7, 11, 8.25], "texture": "#7"},
				"up": {"uv": [6.25, 14, 6, 13], "texture": "#7"},
				"down": {"uv": [13.25, 6, 13, 7], "texture": "#7"}
			}
		},
		{
			"from": [8.325, 1.84835, 12.17055],
			"to": [8.475, 3.67335, 13.04555],
			"rotation": {"angle": -22.5, "axis": "x", "origin": [7.15, 3.14835, 11.34555]},
			"faces": {
				"north": {"uv": [5, 12, 5.25, 13.75], "texture": "#7"},
				"east": {"uv": [7, 8, 8, 9.75], "texture": "#7"},
				"south": {"uv": [12, 5, 12.25, 6.75], "texture": "#7"},
				"west": {"uv": [8, 7, 9, 8.75], "texture": "#7"},
				"up": {"uv": [7.25, 14, 7, 13], "texture": "#7"},
				"down": {"uv": [13.25, 7, 13, 8], "texture": "#7"}
			}
		},
		{
			"from": [7.525, 1.84835, 12.17055],
			"to": [7.675, 3.67335, 13.04555],
			"rotation": {"angle": -22.5, "axis": "x", "origin": [8.85, 3.14835, 11.34555]},
			"faces": {
				"north": {"uv": [5.25, 12, 5, 13.75], "texture": "#7"},
				"east": {"uv": [9, 7, 8, 8.75], "texture": "#7"},
				"south": {"uv": [12.25, 5, 12, 6.75], "texture": "#7"},
				"west": {"uv": [8, 8, 7, 9.75], "texture": "#7"},
				"up": {"uv": [7, 14, 7.25, 13], "texture": "#7"},
				"down": {"uv": [13, 7, 13.25, 8], "texture": "#7"}
			}
		},
		{
			"from": [7.5249, 2.78165, 11.53837],
			"to": [7.6749, 4.08165, 12.48837],
			"rotation": {"angle": -45, "axis": "x", "origin": [8.85, 3.80665, 10.78837]},
			"faces": {
				"north": {"uv": [12.25, 8, 12, 9.25], "texture": "#7"},
				"east": {"uv": [11, 7, 10, 8.25], "texture": "#7"},
				"south": {"uv": [9.25, 12, 9, 13.25], "texture": "#7"},
				"west": {"uv": [8, 10, 7, 11.25], "texture": "#7"},
				"up": {"uv": [6, 14, 6.25, 13], "texture": "#7"},
				"down": {"uv": [13, 6, 13.25, 7], "texture": "#7"}
			}
		},
		{
			"from": [8.475, 3.62335, 12.49555],
			"to": [8.55, 3.94835, 12.82055],
			"rotation": {"angle": -45, "axis": "x", "origin": [7.15, 3.14835, 11.34555]},
			"faces": {
				"north": {"uv": [13.25, 14.25, 13, 14], "rotation": 180, "texture": "#7"},
				"east": {"uv": [14, 7, 14.25, 7.5], "rotation": 90, "texture": "#7"},
				"south": {"uv": [14.25, 13, 14, 13.25], "texture": "#7"},
				"west": {"uv": [14, 8, 14.25, 8.5], "rotation": 270, "texture": "#7"},
				"up": {"uv": [8, 14, 8.25, 14.5], "texture": "#7"},
				"down": {"uv": [7, 14, 7.25, 14.5], "rotation": 180, "texture": "#7"}
			}
		},
		{
			"from": [8.475, 2.17757, 12.44476],
			"to": [8.55, 2.50257, 12.76976],
			"rotation": {"angle": -22.5, "axis": "x", "origin": [7.15, 3.22757, 11.34476]},
			"faces": {
				"north": {"uv": [4, 2.5, 4.125, 2.75], "texture": "#7"},
				"east": {"uv": [3, 4, 3.125, 4.25], "texture": "#7"},
				"south": {"uv": [4, 3, 4.125, 3.25], "texture": "#7"},
				"west": {"uv": [3.5, 4, 3.625, 4.25], "texture": "#7"},
				"up": {"uv": [4.625, 0.625, 4.5, 0.5], "texture": "#7"},
				"down": {"uv": [4.625, 1, 4.5, 1.125], "texture": "#7"}
			}
		},
		{
			"from": [7.45, 2.17757, 12.44476],
			"to": [7.525, 2.50257, 12.76976],
			"rotation": {"angle": -22.5, "axis": "x", "origin": [8.85, 3.22757, 11.34476]},
			"faces": {
				"north": {"uv": [4.125, 2.5, 4, 2.75], "texture": "#7"},
				"east": {"uv": [3.625, 4, 3.5, 4.25], "texture": "#7"},
				"south": {"uv": [4.125, 3, 4, 3.25], "texture": "#7"},
				"west": {"uv": [3.125, 4, 3, 4.25], "texture": "#7"},
				"up": {"uv": [4.5, 0.625, 4.625, 0.5], "texture": "#7"},
				"down": {"uv": [4.5, 1, 4.625, 1.125], "texture": "#7"}
			}
		},
		{
			"from": [7.45, 3.62335, 12.49555],
			"to": [7.525, 3.94835, 12.82055],
			"rotation": {"angle": -45, "axis": "x", "origin": [8.85, 3.14835, 11.34555]},
			"faces": {
				"north": {"uv": [13, 14.25, 13.25, 14], "rotation": 180, "texture": "#7"},
				"east": {"uv": [14, 8.5, 14.25, 8], "rotation": 270, "texture": "#7"},
				"south": {"uv": [14, 13, 14.25, 13.25], "texture": "#7"},
				"west": {"uv": [14, 7.5, 14.25, 7], "rotation": 90, "texture": "#7"},
				"up": {"uv": [8.25, 14, 8, 14.5], "texture": "#7"},
				"down": {"uv": [7.25, 14, 7, 14.5], "rotation": 180, "texture": "#7"}
			}
		},
		{
			"from": [7.975, 3.16612, 10.35901],
			"to": [8.025, 3.46612, 10.95901],
			"rotation": {"angle": -45, "axis": "x", "origin": [7.85, 3.46612, 10.20901]},
			"faces": {
				"north": {"uv": [2, 12, 2.5, 12.5], "texture": "#2"},
				"east": {"uv": [0, 8, 1, 8.5], "texture": "#2"},
				"south": {"uv": [12, 2, 12.5, 2.5], "texture": "#2"},
				"west": {"uv": [8, 0, 9, 0.5], "texture": "#2"},
				"up": {"uv": [2.5, 9, 2, 8], "texture": "#2"},
				"down": {"uv": [8.5, 2, 8, 3], "texture": "#2"}
			}
		},
		{
			"from": [7.975, 3.78431, 10.62647],
			"to": [8.025, 4.33431, 10.95147],
			"rotation": {"angle": 0, "axis": "x", "origin": [7.85, 3.46612, 10.20901]},
			"faces": {
				"north": {"uv": [10, 8, 10.5, 9], "texture": "#2"},
				"east": {"uv": [10, 10, 10.5, 11], "texture": "#2"},
				"south": {"uv": [0, 12, 0.5, 13], "texture": "#2"},
				"west": {"uv": [12, 0, 12.5, 1], "texture": "#2"},
				"up": {"uv": [4.5, 12.5, 4, 12], "texture": "#2"},
				"down": {"uv": [12.5, 4, 12, 4.5], "texture": "#2"}
			}
		},
		{
			"from": [7.875, 2.99504, 10.10028],
			"to": [8.125, 3.24504, 11.10028],
			"rotation": {"angle": 0, "axis": "x", "origin": [7.85, 3.46612, 10.20901]},
			"faces": {
				"north": {"uv": [4, 8, 5, 8.5], "texture": "#2"},
				"east": {"uv": [2, 4, 4, 4.5], "texture": "#2"},
				"south": {"uv": [8, 4, 9, 4.5], "texture": "#2"},
				"west": {"uv": [4, 2, 6, 2.5], "texture": "#2"},
				"up": {"uv": [1, 2, 0, 0], "texture": "#2"},
				"down": {"uv": [1, 2, 0, 4], "texture": "#2"}
			}
		},
		{
			"from": [7.875, 3.2099, 9.79902],
			"to": [8.125, 3.7349, 10.04902],
			"rotation": {"angle": -45, "axis": "x", "origin": [7.85, 3.46612, 10.20901]},
			"faces": {
				"north": {"uv": [4, 4, 5, 5], "texture": "#2"},
				"east": {"uv": [6, 8, 6.5, 9], "texture": "#2"},
				"south": {"uv": [0, 6, 1, 7], "texture": "#2"},
				"west": {"uv": [8, 6, 8.5, 7], "texture": "#2"},
				"up": {"uv": [9, 8.5, 8, 8], "texture": "#2"},
				"down": {"uv": [1, 10, 0, 10.5], "texture": "#2"}
			}
		},
		{
			"from": [7.875, 3.76323, 10.92234],
			"to": [8.125, 4.26323, 11.17234],
			"rotation": {"angle": 45, "axis": "x", "origin": [7.85, 3.46612, 10.20901]},
			"faces": {
				"north": {"uv": [6, 4, 7, 5], "texture": "#2"},
				"east": {"uv": [10, 4, 10.5, 5], "texture": "#2"},
				"south": {"uv": [6, 6, 7, 7], "texture": "#2"},
				"west": {"uv": [6, 10, 6.5, 11], "texture": "#2"},
				"up": {"uv": [11, 6.5, 10, 6], "texture": "#2"},
				"down": {"uv": [9, 10, 8, 10.5], "texture": "#2"}
			}
		},
		{
			"from": [7.875, 3.36627, 9.72905],
			"to": [8.125, 4.34127, 9.97905],
			"rotation": {"angle": 0, "axis": "x", "origin": [7.85, 3.46612, 10.20901]},
			"faces": {
				"north": {"uv": [2, 0, 3, 2], "texture": "#2"},
				"east": {"uv": [6, 0, 6.5, 2], "texture": "#2"},
				"south": {"uv": [2, 2, 3, 4], "texture": "#2"},
				"west": {"uv": [2, 6, 2.5, 8], "texture": "#2"},
				"up": {"uv": [11, 0.5, 10, 0], "texture": "#2"},
				"down": {"uv": [3, 10, 2, 10.5], "texture": "#2"}
			}
		},
		{
			"from": [7.875, 3.34859, 11.20383],
			"to": [8.125, 4.34859, 11.45383],
			"rotation": {"angle": 0, "axis": "x", "origin": [7.85, 3.46612, 10.20901]},
			"faces": {
				"north": {"uv": [0, 4, 1, 6], "texture": "#2"},
				"east": {"uv": [6, 2, 6.5, 4], "texture": "#2"},
				"south": {"uv": [4, 0, 5, 2], "texture": "#2"},
				"west": {"uv": [4, 6, 4.5, 8], "texture": "#2"},
				"up": {"uv": [11, 2.5, 10, 2], "texture": "#2"},
				"down": {"uv": [5, 10, 4, 10.5], "texture": "#2"}
			}
		},
		{
			"from": [6.9, 5.15, 8.575],
			"to": [7.1, 5.65, 10.575],
			"faces": {
				"north": {"uv": [10, 2, 11, 3], "texture": "#3"},
				"east": {"uv": [0, 0, 4, 1], "texture": "#3"},
				"south": {"uv": [4, 10, 5, 11], "texture": "#3"},
				"west": {"uv": [0, 2, 4, 3], "texture": "#3"},
				"up": {"uv": [1, 8, 0, 4], "texture": "#3"},
				"down": {"uv": [5, 0, 4, 4], "texture": "#3"}
			}
		},
		{
			"from": [7.1, 5.15, 8.4],
			"to": [7.7, 5.65, 8.575],
			"faces": {
				"north": {"uv": [0, 12, 1, 13], "texture": "#3"},
				"east": {"uv": [12, 0, 13, 1], "texture": "#3"},
				"south": {"uv": [2, 12, 3, 13], "texture": "#3"},
				"west": {"uv": [12, 2, 13, 3], "texture": "#3"},
				"up": {"uv": [5, 13, 4, 12], "texture": "#3"},
				"down": {"uv": [13, 4, 12, 5], "texture": "#3"}
			}
		},
		{
			"from": [7.1, 5.15, 10.575],
			"to": [7.7, 5.65, 10.75],
			"faces": {
				"north": {"uv": [10, 4, 11, 5], "texture": "#3"},
				"east": {"uv": [6, 10, 7, 11], "texture": "#3"},
				"south": {"uv": [10, 6, 11, 7], "texture": "#3"},
				"west": {"uv": [8, 10, 9, 11], "texture": "#3"},
				"up": {"uv": [11, 9, 10, 8], "texture": "#3"},
				"down": {"uv": [11, 10, 10, 11], "texture": "#3"}
			}
		},
		{
			"from": [8.3, 5.15, 10.575],
			"to": [8.9, 5.65, 10.75],
			"rotation": {"angle": 0, "axis": "y", "origin": [16, 0, 0]},
			"faces": {
				"north": {"uv": [4, 6, 5, 7], "texture": "#3"},
				"east": {"uv": [6, 6, 7, 7], "texture": "#3"},
				"south": {"uv": [0, 8, 1, 9], "texture": "#3"},
				"west": {"uv": [8, 2, 9, 3], "texture": "#3"},
				"up": {"uv": [5, 9, 4, 8], "texture": "#3"},
				"down": {"uv": [9, 4, 8, 5], "texture": "#3"}
			}
		},
		{
			"from": [8.3, 5.15, 8.4],
			"to": [8.9, 5.65, 8.575],
			"rotation": {"angle": 0, "axis": "y", "origin": [16, 0, 0]},
			"faces": {
				"north": {"uv": [6, 8, 7, 9], "texture": "#3"},
				"east": {"uv": [8, 6, 9, 7], "texture": "#3"},
				"south": {"uv": [8, 8, 9, 9], "texture": "#3"},
				"west": {"uv": [0, 10, 1, 11], "texture": "#3"},
				"up": {"uv": [11, 1, 10, 0], "texture": "#3"},
				"down": {"uv": [3, 10, 2, 11], "texture": "#3"}
			}
		},
		{
			"from": [8.9, 5.15, 8.575],
			"to": [9.1, 5.65, 10.575],
			"rotation": {"angle": 0, "axis": "y", "origin": [16, 0, 0]},
			"faces": {
				"north": {"uv": [6, 12, 7, 13], "texture": "#3"},
				"east": {"uv": [2, 4, 6, 5], "texture": "#3"},
				"south": {"uv": [12, 6, 13, 7], "texture": "#3"},
				"west": {"uv": [6, 0, 10, 1], "texture": "#3"},
				"up": {"uv": [3, 10, 2, 6], "texture": "#3"},
				"down": {"uv": [7, 2, 6, 6], "texture": "#3"}
			}
		}
	],
	"display": {
		"thirdperson_righthand": {
			"translation": [0, 4.75, -5],
			"scale": [1.3, 1.3, 1.3]
		},
		"firstperson_righthand": {
			"translation": [-1.25, 7.25, 0.5]
		},
        "gui": {
			"rotation": [22.5, 45, -22.5],
			"translation": [0, 3.5, -2],
			"scale": [1.3, 1.3, 1.3]
		},
        "ground": {
          "translation": [ 0, 0, 0 ],
          "scale": [ 1.3, 1.3, 1.3 ],
          "rotation": [ 0, 0, -90 ]
        }
	}
}