{
	"credit": "Made with Blockbench",
	"texture_size": [32, 32],
	"textures": {
		"0": "item/frying_pan_burnt",
		"particle": "item/frying_pan_burnt"
	},
	"elements": [
		{
			"from": [3, 0, 7],
			"to": [13, 1, 9],
			"rotation": {"angle": 0, "axis": "y", "origin": [8, 8.75, 8.50947]},
			"faces": {
				"north": {"uv": [6, 9, 11, 9.5], "texture": "#0"},
				"east": {"uv": [4, 10.5, 5, 11], "texture": "#0"},
				"south": {"uv": [6, 9.5, 11, 10], "texture": "#0"},
				"west": {"uv": [11, 3, 12, 3.5], "texture": "#0"},
				"up": {"uv": [10, 1, 5, 0], "texture": "#0"},
				"down": {"uv": [10, 1, 5, 2], "texture": "#0"}
			}
		},
		{
			"from": [3, 11, 7],
			"to": [13, 12, 9],
			"rotation": {"angle": 0, "axis": "y", "origin": [8, 8.75, 8.50947]},
			"faces": {
				"north": {"uv": [0, 10, 5, 10.5], "texture": "#0"},
				"east": {"uv": [11, 3.5, 12, 4], "texture": "#0"},
				"south": {"uv": [10, 0, 15, 0.5], "texture": "#0"},
				"west": {"uv": [4, 11, 5, 11.5], "texture": "#0"},
				"up": {"uv": [10, 3, 5, 2], "texture": "#0"},
				"down": {"uv": [10, 3, 5, 4], "texture": "#0"}
			}
		},
		{
			"from": [7.25, 12, 7.5],
			"to": [8.75, 22, 8.5],
			"rotation": {"angle": 0, "axis": "y", "origin": [8, 8.75, 8.50947]},
			"faces": {
				"north": {"uv": [5, 4, 6, 9], "texture": "#0"},
				"east": {"uv": [10, 0.5, 10.5, 5.5], "texture": "#0"},
				"south": {"uv": [6, 4, 7, 9], "texture": "#0"},
				"west": {"uv": [6, 10, 6.5, 15], "texture": "#0"},
				"up": {"uv": [12, 4.5, 11, 4], "texture": "#0"}
			}
		},
		{
			"from": [10.74046, 12.52289, 7.0001],
			"to": [12.24046, 13.52289, 8.9901],
			"rotation": {"angle": 45, "axis": "z", "origin": [10.12625, 6.63381, 8.51137]},
			"faces": {
				"north": {"uv": [12.5, 5, 13, 5.5], "texture": "#0"},
				"east": {"uv": [11, 5, 12, 5.5], "texture": "#0"},
				"south": {"uv": [12.5, 12, 13, 12.5], "texture": "#0"},
				"up": {"uv": [11, 12, 10.5, 11], "texture": "#0"}
			}
		},
		{
			"from": [5.35556, -0.97262, 7.0001],
			"to": [6.75536, 0.02718, 8.9999],
			"rotation": {"angle": 45, "axis": "z", "origin": [8, 8.75, 8.50947]},
			"faces": {
				"north": {"uv": [12.5, 12.5, 13, 13], "texture": "#0"},
				"east": {"uv": [11, 9.5, 12, 10], "texture": "#0"},
				"south": {"uv": [13, 1, 13.5, 1.5], "texture": "#0"},
				"west": {"uv": [2.5, 11.5, 3.5, 12], "texture": "#0"},
				"up": {"uv": [4, 12.5, 3.5, 11.5], "texture": "#0"},
				"down": {"uv": [4.5, 11.5, 4, 12.5], "texture": "#0"}
			}
		},
		{
			"from": [2, 1, 7],
			"to": [3, 11, 9],
			"rotation": {"angle": 0, "axis": "y", "origin": [8, 8.75, 8.50947]},
			"faces": {
				"north": {"uv": [6.5, 10, 7, 15], "texture": "#0"},
				"east": {"uv": [7, 4, 8, 9], "texture": "#0"},
				"south": {"uv": [7, 10, 7.5, 15], "texture": "#0"},
				"west": {"uv": [8, 4, 9, 9], "texture": "#0"},
				"up": {"uv": [5, 12.5, 4.5, 11.5], "texture": "#0"},
				"down": {"uv": [12, 11, 11.5, 12], "texture": "#0"}
			}
		},
		{
			"from": [5.30039, 13.57871, 7.0011],
			"to": [6.77519, 14.57851, 8.9989],
			"rotation": {"angle": 45, "axis": "z", "origin": [7.99483, 8.74497, 8.50947]},
			"faces": {
				"north": {"uv": [13, 1.5, 13.5, 2], "texture": "#0"},
				"east": {"uv": [2.5, 12, 3.5, 12.5], "texture": "#0"},
				"south": {"uv": [13, 2, 13.5, 2.5], "texture": "#0"},
				"west": {"uv": [12, 3, 13, 3.5], "texture": "#0"},
				"up": {"uv": [12.5, 4.5, 12, 3.5], "texture": "#0"},
				"down": {"uv": [12.5, 4.5, 12, 5.5], "texture": "#0"}
			}
		},
		{
			"from": [9.24464, -0.97262, 7.0001],
			"to": [10.64444, 0.02718, 8.9989],
			"rotation": {"angle": -45, "axis": "z", "origin": [8, 8.75, 8.50947]},
			"faces": {
				"north": {"uv": [2.5, 13, 3, 13.5], "texture": "#0"},
				"east": {"uv": [12, 9, 13, 9.5], "texture": "#0"},
				"south": {"uv": [13, 2.5, 13.5, 3], "texture": "#0"},
				"west": {"uv": [12, 9.5, 13, 10], "texture": "#0"},
				"up": {"uv": [11, 13, 10.5, 12], "texture": "#0"},
				"down": {"uv": [11.5, 12, 11, 13], "texture": "#0"}
			}
		},
		{
			"from": [4.58643, 1.0001, 12.31874],
			"to": [4.98623, 10.9999, 12.56854],
			"rotation": {"angle": -45, "axis": "y", "origin": [8, 8.75, 8.50947]},
			"faces": {
				"east": {"uv": [8, 10, 8.5, 15], "texture": "#0"},
				"south": {"uv": [8.5, 10, 9, 15], "texture": "#0"},
				"up": {"uv": [3.5, 13.5, 3, 13], "texture": "#0"},
				"down": {"uv": [13.5, 3, 13, 3.5], "texture": "#0"}
			}
		},
		{
			"from": [3.0001, 2.74639, 3.15135],
			"to": [12.9999, 2.99619, 3.55115],
			"rotation": {"angle": -45, "axis": "x", "origin": [8, 8.75, 8.50947]},
			"faces": {
				"east": {"uv": [3.5, 13, 4, 13.5], "texture": "#0"},
				"south": {"uv": [10, 6, 15, 6.5], "texture": "#0"},
				"west": {"uv": [4, 13, 4.5, 13.5], "texture": "#0"},
				"down": {"uv": [15, 7, 10, 7.5], "texture": "#0"}
			}
		},
		{
			"from": [11.01377, 1.0001, 12.31874],
			"to": [11.41357, 10.9999, 12.56854],
			"rotation": {"angle": 45, "axis": "y", "origin": [8, 8.75, 8.50947]},
			"faces": {
				"south": {"uv": [0, 10.5, 0.5, 15.5], "texture": "#0"},
				"west": {"uv": [0.5, 10.5, 1, 15.5], "texture": "#0"},
				"up": {"uv": [13.5, 4.5, 13, 4], "texture": "#0"},
				"down": {"uv": [13.5, 4.5, 13, 5], "texture": "#0"}
			}
		},
		{
			"from": [3, 1, 8.75],
			"to": [13, 11, 9.25],
			"rotation": {"angle": 0, "axis": "y", "origin": [8, 8.75, 8.50947]},
			"faces": {
				"north": {"uv": [0, 0, 5, 5], "texture": "#0"},
				"east": {"uv": [10.5, 0.5, 11, 5.5], "texture": "#0"},
				"south": {"uv": [0, 5, 5, 10], "texture": "#0"},
				"west": {"uv": [1, 10.5, 1.5, 15.5], "texture": "#0"},
				"up": {"uv": [15, 8, 10, 7.5], "texture": "#0"},
				"down": {"uv": [15, 8, 10, 8.5], "texture": "#0"}
			}
		},
		{
			"from": [3.0001, 9.81923, 10.37419],
			"to": [12.9999, 10.21903, 10.62399],
			"rotation": {"angle": -45, "axis": "x", "origin": [8, 8.75, 8.50947]},
			"faces": {
				"east": {"uv": [13, 5, 13.5, 5.5], "texture": "#0"},
				"south": {"uv": [10.5, 10, 15.5, 10.5], "texture": "#0"},
				"west": {"uv": [13, 9, 13.5, 9.5], "texture": "#0"},
				"down": {"uv": [16, 0.5, 11, 1], "texture": "#0"}
			}
		},
		{
			"from": [5.17385, 11.93735, 7.0002],
			"to": [6.59865, 12.93715, 8.999],
			"rotation": {"angle": -45, "axis": "z", "origin": [7.28797, 8.04816, 6.50967]},
			"faces": {
				"north": {"uv": [13, 9.5, 13.5, 10], "texture": "#0"},
				"south": {"uv": [10.5, 13, 11, 13.5], "texture": "#0"},
				"west": {"uv": [11.5, 12, 12.5, 12.5], "texture": "#0"},
				"up": {"uv": [13, 2, 12.5, 1], "texture": "#0"}
			}
		},
		{
			"from": [6.7499, 11.9999, 6.9999],
			"to": [9.2501, 13.0001, 9.0001],
			"rotation": {"angle": 0, "axis": "z", "origin": [8, 8.75, 8.50947]},
			"faces": {
				"north": {"uv": [11, 2, 12.5, 2.5], "texture": "#0"},
				"east": {"uv": [12, 11.5, 13, 12], "texture": "#0"},
				"south": {"uv": [11, 2.5, 12.5, 3], "texture": "#0"},
				"west": {"uv": [2.5, 12.5, 3.5, 13], "texture": "#0"},
				"up": {"uv": [4, 11.5, 2.5, 10.5], "texture": "#0"}
			}
		},
		{
			"from": [9.23213, 13.59638, 7.0012],
			"to": [10.65693, 14.59618, 8.999],
			"rotation": {"angle": -45, "axis": "z", "origin": [7.98749, 8.76265, 8.51057]},
			"faces": {
				"north": {"uv": [11, 13, 11.5, 13.5], "texture": "#0"},
				"east": {"uv": [3.5, 12.5, 4.5, 13], "texture": "#0"},
				"south": {"uv": [13, 11, 13.5, 11.5], "texture": "#0"},
				"west": {"uv": [12.5, 3.5, 13.5, 4], "texture": "#0"},
				"up": {"uv": [13, 5, 12.5, 4], "texture": "#0"},
				"down": {"uv": [5, 12.5, 4.5, 13.5], "texture": "#0"}
			}
		},
		{
			"from": [13, 1, 7],
			"to": [14, 11, 9],
			"rotation": {"angle": 0, "axis": "y", "origin": [8, 8.75, 8.50947]},
			"faces": {
				"north": {"uv": [1.5, 10.5, 2, 15.5], "texture": "#0"},
				"east": {"uv": [9, 4, 10, 9], "texture": "#0"},
				"south": {"uv": [2, 10.5, 2.5, 15.5], "texture": "#0"},
				"west": {"uv": [5, 9, 6, 14], "texture": "#0"},
				"up": {"uv": [12, 13.5, 11.5, 12.5], "texture": "#0"},
				"down": {"uv": [12.5, 12.5, 12, 13.5], "texture": "#0"}
			}
		}
	],
	"display": {
		"thirdperson_righthand": {
			"rotation": [180, -90, 0],
			"translation": [0.25, 7.5, 2]
		},
		"firstperson_righthand": {
			"rotation": [149, 60, 0],
			"translation": [3.75, 3.25, -5.5],
			"scale": [0.88, 0.88, 0.88]
		},
		"ground": {
			"rotation": [90, 0, 0],
			"translation": [0, -2.75, 0]
		},
		"gui": {
			"rotation": [-42, 180, 36],
			"translation": [0, -0.5, 0],
			"scale": [0.8, 0.8, 0.8]
		},
		"head": {
			"rotation": [-90, 0, 25.75],
			"translation": [-1.5, 5.25, -4.5],
			"scale": [1.69, 1.69, 1.69]
		},
		"fixed": {
			"translation": [0, 2.5, -1],
			"scale": [1.25, 1.25, 1.25]
		}
	},
	"groups": [
		{
			"name": "group",
			"origin": [0, 0, 0],
			"color": 0,
			"children": [0, 1, 2, 3, 4, 5, 6, 7, 8, 9, 10, 11, 12, 13, 14, 15, 16]
		}
	]
}