{
	"credit": "Made with Blockbench",
	"texture_size": [32, 32],
	"textures": {
		"8": "item/real_knife"
	},
	"elements": [
		{
			"from": [7.375, 6.77621, 5.96728],
			"to": [8.625, 7.22621, 7.19228],
			"rotation": {"angle": 22.5, "axis": "x", "origin": [7.675, 7.65121, 3.24228]},
			"faces": {
				"east": {"uv": [3, 8, 2.5, 8.5], "texture": "#8"},
				"west": {"uv": [8.5, 3.5, 8, 4], "texture": "#8"},
				"down": {"uv": [8, 5.5, 8.5, 6], "rotation": 270, "texture": "#8"}
			}
		},
		{
			"from": [7.05, 5.8, 5.425],
			"to": [8.95, 7.7, 10.575],
			"rotation": {"angle": 0, "axis": "y", "origin": [8, 5.69228, 8.16754]},
			"faces": {
				"north": {"uv": [8.5, 2, 7.5, 3], "texture": "#8"},
				"east": {"uv": [6.5, 4, 4, 5], "texture": "#8"},
				"south": {"uv": [1, 8, 0, 9], "texture": "#8"},
				"west": {"uv": [7.5, 0, 5, 1], "texture": "#8"},
				"up": {"uv": [5, 2, 7.5, 1], "rotation": 90, "texture": "#8"},
				"down": {"uv": [5, 2, 7.5, 3], "rotation": 270, "texture": "#8"}
			}
		},
		{
			"from": [6.85, -0.15, 5.85],
			"to": [9.15, 1.85, 10.15],
			"rotation": {"angle": 0, "axis": "y", "origin": [8, 5.69228, 8.04254]},
			"faces": {
				"north": {"uv": [8, 3, 7, 4], "texture": "#8"},
				"east": {"uv": [7, 3, 5, 4], "texture": "#8"},
				"south": {"uv": [6.5, 7, 5.5, 8], "texture": "#8"},
				"west": {"uv": [6, 5, 4, 6], "texture": "#8"},
				"up": {"uv": [0, 7, 2, 6], "rotation": 90, "texture": "#8"},
				"down": {"uv": [4, 6, 6, 7], "rotation": 270, "texture": "#8"}
			}
		},
		{
			"from": [7.875, 7.75, 6],
			"to": [8.125, 19.75, 9],
			"rotation": {"angle": 0, "axis": "y", "origin": [16.125, 0, 1]},
			"faces": {
				"north": {"uv": [3.5, 4, 3, 10], "texture": "#8"},
				"east": {"uv": [1.5, 0, 0, 6], "texture": "#8"},
				"south": {"uv": [4, 4, 3.5, 10], "texture": "#8"},
				"west": {"uv": [3, 0, 1.5, 6], "texture": "#8"},
				"up": {"uv": [8, 0.5, 9.5, 0], "rotation": 90, "texture": "#8"},
				"down": {"uv": [8, 0.5, 9.5, 1], "rotation": 270, "texture": "#8"}
			}
		},
		{
			"from": [7.875, 15.75, 9],
			"to": [8.125, 19.75, 10],
			"rotation": {"angle": 0, "axis": "y", "origin": [16.125, 0, 1]},
			"faces": {
				"east": {"uv": [7, 7, 6.5, 9], "texture": "#8"},
				"south": {"uv": [8, 7, 7.5, 9], "texture": "#8"},
				"west": {"uv": [8, 5, 7.5, 7], "texture": "#8"},
				"up": {"uv": [6, 8.5, 6.5, 8], "rotation": 90, "texture": "#8"},
				"down": {"uv": [8, 6, 8.5, 6.5], "rotation": 270, "texture": "#8"}
			}
		},
		{
			"from": [7.875, 19.75, 8],
			"to": [8.125, 21.75, 9],
			"rotation": {"angle": 0, "axis": "y", "origin": [16.125, 0, 1]},
			"faces": {
				"north": {"uv": [8.5, 1, 8, 2], "texture": "#8"},
				"east": {"uv": [1.5, 8, 1, 9], "texture": "#8"},
				"south": {"uv": [2.5, 8, 2, 9], "texture": "#8"},
				"west": {"uv": [2, 8, 1.5, 9], "texture": "#8"},
				"up": {"uv": [8, 7, 8.5, 6.5], "rotation": 90, "texture": "#8"}
			}
		},
		{
			"from": [7.875, 19.75, 7],
			"to": [8.125, 20.75, 8],
			"rotation": {"angle": 0, "axis": "y", "origin": [16.125, 0, 1]},
			"faces": {
				"north": {"uv": [8.5, 8, 8, 8.5], "texture": "#8"},
				"east": {"uv": [8.5, 7.5, 8, 8], "texture": "#8"},
				"west": {"uv": [9, 1, 8.5, 1.5], "texture": "#8"},
				"up": {"uv": [8.5, 2.5, 9, 2], "rotation": 90, "texture": "#8"}
			}
		},
		{
			"from": [7.875, 9.75, 5],
			"to": [8.125, 16.75, 6],
			"rotation": {"angle": 0, "axis": "y", "origin": [16.125, 0, 1]},
			"faces": {
				"north": {"uv": [5, 7, 4.5, 10.5], "texture": "#8"},
				"east": {"uv": [4.5, 7, 4, 10.5], "texture": "#8"},
				"west": {"uv": [5.5, 7, 5, 10.5], "texture": "#8"},
				"up": {"uv": [8.5, 3, 9, 2.5], "rotation": 90, "texture": "#8"},
				"down": {"uv": [8.5, 3, 9, 3.5], "rotation": 270, "texture": "#8"}
			}
		},
		{
			"from": [7.9, 13.75, 9],
			"to": [8.1, 14.75, 10],
			"rotation": {"angle": 0, "axis": "y", "origin": [16.125, 0, 1]},
			"faces": {
				"east": {"uv": [9, 3.5, 8.5, 4], "texture": "#8"},
				"south": {"uv": [9, 5, 8.5, 5.5], "texture": "#8"},
				"west": {"uv": [9, 4.5, 8.5, 5], "texture": "#8"},
				"up": {"uv": [5.5, 9, 6, 8.5], "rotation": 90, "texture": "#8"},
				"down": {"uv": [8.5, 5.5, 9, 6], "rotation": 270, "texture": "#8"}
			}
		},
		{
			"from": [7.9, 11.75, 9],
			"to": [8.1, 12.75, 10],
			"rotation": {"angle": 0, "axis": "y", "origin": [16.125, 0, 1]},
			"faces": {
				"east": {"uv": [6.5, 8.5, 6, 9], "texture": "#8"},
				"south": {"uv": [7.5, 8.5, 7, 9], "texture": "#8"},
				"west": {"uv": [9, 6.5, 8.5, 7], "texture": "#8"},
				"up": {"uv": [8.5, 7.5, 9, 7], "rotation": 90, "texture": "#8"},
				"down": {"uv": [8.5, 7.5, 9, 8], "rotation": 270, "texture": "#8"}
			}
		},
		{
			"from": [7.9, 9.75, 9],
			"to": [8.1, 10.75, 10],
			"rotation": {"angle": 0, "axis": "y", "origin": [16.125, 0, 1]},
			"faces": {
				"east": {"uv": [8.5, 8.5, 8, 9], "texture": "#8"},
				"south": {"uv": [0.5, 9, 0, 9.5], "texture": "#8"},
				"west": {"uv": [9, 8.5, 8.5, 9], "texture": "#8"},
				"up": {"uv": [0.5, 9.5, 1, 9], "rotation": 90, "texture": "#8"},
				"down": {"uv": [1, 9, 1.5, 9.5], "rotation": 270, "texture": "#8"}
			}
		},
		{
			"from": [7.875, 7.75, 9],
			"to": [8.125, 8.75, 10],
			"rotation": {"angle": 0, "axis": "y", "origin": [16.125, 0, 1]},
			"faces": {
				"east": {"uv": [9.5, 1, 9, 1.5], "texture": "#8"},
				"south": {"uv": [2.5, 9, 2, 9.5], "texture": "#8"},
				"west": {"uv": [9.5, 1.5, 9, 2], "texture": "#8"},
				"up": {"uv": [9, 2.5, 9.5, 2], "rotation": 90, "texture": "#8"},
				"down": {"uv": [2.5, 9, 3, 9.5], "rotation": 270, "texture": "#8"}
			}
		},
		{
			"from": [7.25, 1.8, 6],
			"to": [8.75, 5.8, 10],
			"rotation": {"angle": 0, "axis": "y", "origin": [9, 0, 15.25]},
			"faces": {
				"north": {"uv": [3, 6, 2, 8], "texture": "#8"},
				"east": {"uv": [5, 0, 3, 2], "texture": "#8"},
				"south": {"uv": [7, 5, 6, 7], "texture": "#8"},
				"west": {"uv": [5, 2, 3, 4], "texture": "#8"}
			}
		}
	],
	"display": {
		"thirdperson_righthand": {
			"translation": [0.25, 1.25, 1.5],
			"scale": [0.74, 0.74, 0.74]
		},
		"firstperson_righthand": {
			"rotation": [12, 0, 0],
			"translation": [0, 2, 0],
			"scale": [0.8, 0.8, 0.8]
		},
		"ground": {
			"rotation": [45, 0, 0]
		},
		"gui": {
			"rotation": [50, 30, -38],
			"translation": [-0.75, -1.5, 0],
			"scale": [0.98, 0.98, 0.98]
		},
		"fixed": {
			"rotation": [0, 90, 0],
			"translation": [0, -2.25, 0],
			"scale": [0.86, 0.86, 0.86]
		}
	},
	"groups": [
		0,
		1,
		2,
		{
			"name": "blade",
			"origin": [0.625, 0, 15.125],
			"color": 0,
			"children": [3, 4, 5, 6, 7, 8, 9, 10, 11]
		},
		12
	]
}