{
	"credit": "Made with Blockbench",
	"textures": {
		"3": "item/tough_glove",
		"particle": "pelle"
	},
	"elements": [
		{
			"from": [9.025, 3.25, 5.5],
			"to": [9.975, 5.975, 6.5],
			"rotation": {"angle": 0, "axis": "x", "origin": [8, 5, 5.75]},
			"faces": {
				"north": {"uv": [4, 8, 5, 11], "texture": "#3"},
				"east": {"uv": [8, 4, 9, 7], "texture": "#3"},
				"south": {"uv": [5, 8, 6, 11], "texture": "#3"},
				"west": {"uv": [6, 8, 7, 11], "texture": "#3"},
				"up": {"uv": [7, 12, 6, 11], "texture": "#3"},
				"down": {"uv": [8, 11, 7, 12], "texture": "#3"}
			}
		},
		{
			"from": [6, 2, 6.5],
			"to": [10, 6, 10],
			"rotation": {"angle": 0, "axis": "y", "origin": [8, 1, 8]},
			"faces": {
				"north": {"uv": [0, 0, 4, 4], "texture": "#3"},
				"east": {"uv": [0, 4, 4, 8], "texture": "#3"},
				"south": {"uv": [4, 0, 8, 4], "texture": "#3"},
				"west": {"uv": [4, 4, 8, 8], "texture": "#3"},
				"up": {"uv": [4, 12, 0, 8], "texture": "#3"},
				"down": {"uv": [12, 0, 8, 4], "texture": "#3"}
			}
		},
		{
			"from": [8.025, 3.25, 5.5],
			"to": [8.975, 5.975, 6.5],
			"rotation": {"angle": 0, "axis": "x", "origin": [8, 5, 5.75]},
			"faces": {
				"north": {"uv": [7, 8, 8, 11], "texture": "#3"},
				"east": {"uv": [8, 7, 9, 10], "texture": "#3"},
				"south": {"uv": [9, 4, 10, 7], "texture": "#3"},
				"west": {"uv": [9, 7, 10, 10], "texture": "#3"},
				"up": {"uv": [12, 12, 11, 11], "texture": "#3"},
				"down": {"uv": [1, 12, 0, 13], "texture": "#3"}
			}
		},
		{
			"from": [7.025, 3.25, 5.5],
			"to": [7.975, 5.975, 6.5],
			"rotation": {"angle": 0, "axis": "x", "origin": [8, 5, 5.75]},
			"faces": {
				"north": {"uv": [10, 4, 11, 7], "texture": "#3"},
				"east": {"uv": [10, 7, 11, 10], "texture": "#3"},
				"south": {"uv": [8, 10, 9, 13], "texture": "#3"},
				"west": {"uv": [9, 10, 10, 13], "texture": "#3"},
				"up": {"uv": [13, 1, 12, 0], "texture": "#3"},
				"down": {"uv": [2, 12, 1, 13], "texture": "#3"}
			}
		},
		{
			"from": [6.025, 3.25, 5.5],
			"to": [6.975, 5.975, 6.5],
			"rotation": {"angle": 0, "axis": "x", "origin": [8, 5, 5.75]},
			"faces": {
				"north": {"uv": [10, 10, 11, 13], "texture": "#3"},
				"east": {"uv": [4, 11, 5, 14], "texture": "#3"},
				"south": {"uv": [11, 4, 12, 7], "texture": "#3"},
				"west": {"uv": [5, 11, 6, 14], "texture": "#3"},
				"up": {"uv": [13, 2, 12, 1], "texture": "#3"},
				"down": {"uv": [3, 12, 2, 13], "texture": "#3"}
			}
		},
		{
			"from": [6.025, 2.05, 5.5],
			"to": [8.525, 3.25, 6.5],
			"rotation": {"angle": 0, "axis": "z", "origin": [7.275, 1.525, 6]},
			"faces": {
				"north": {"uv": [11, 7, 14, 8], "texture": "#3"},
				"east": {"uv": [12, 2, 13, 3], "texture": "#3"},
				"south": {"uv": [11, 8, 14, 9], "texture": "#3"},
				"west": {"uv": [3, 12, 4, 13], "texture": "#3"},
				"up": {"uv": [14, 10, 11, 9], "texture": "#3"},
				"down": {"uv": [14, 10, 11, 11], "texture": "#3"}
			}
		}
	],
	"display": {
		"thirdperson_righthand": {
			"translation": [0, 2.75, 1.75],
			"scale": [1.2, 1.2, 1.2]
		},
		"firstperson_righthand": {
			"rotation": [50, -14, -22.5],
			"translation": [4, 1.75, 0],
			"scale": [1.4, 1.4, 1.4]
		},
		"ground": {
			"translation": [0, 3.25, 0],
			"scale": [1.2, 1.2, 1.2]
		},
		"gui": {
			"rotation": [28, -153, 0],
			"translation": [0, 8, 0],
			"scale": [2.25, 2.25, 2.25]
		},
		"fixed": {
			"rotation": [-90, 0, 0],
			"translation": [0, 0.5, -7],
			"scale": [1.2, 1.2, 1.2]
		}
	}
}