{
	"credit": "Made with Blockbench",
	"textures": {
		"1": "item/toy_knife",
		"particle": "item/toy_knife"
	},
	"elements": [
		{
			"from": [7.48338, 5.14225, 6.24724],
			"to": [8.48338, 6.14225, 9.74724],
			"rotation": {"angle": 0, "axis": "y", "origin": [7.98338, -3.85775, 5.97224]},
			"faces": {
				"north": {"uv": [6, 5, 7, 6], "texture": "#1"},
				"east": {"uv": [0, 6, 3.5, 7], "texture": "#1"},
				"south": {"uv": [0, 10, 1, 11], "texture": "#1"},
				"west": {"uv": [6, 0, 9.5, 1], "texture": "#1"},
				"up": {"uv": [7, 4.5, 6, 1], "texture": "#1"},
				"down": {"uv": [5, 6, 4, 9.5], "texture": "#1"}
			}
		},
		{
			"from": [8.5, 5.14225, 7.5],
			"to": [9, 6.14225, 8.5],
			"rotation": {"angle": 0, "axis": "y", "origin": [12, -2.85775, 7]},
			"faces": {
				"east": {"uv": [10, 0, 11, 1], "texture": "#1"},
				"west": {"uv": [1, 10, 2, 11], "texture": "#1"},
				"up": {"uv": [10.5, 12, 10, 11], "texture": "#1"},
				"down": {"uv": [11.5, 10, 11, 11], "texture": "#1"}
			}
		},
		{
			"from": [8.13635, 5.14225, 6.32179],
			"to": [8.63635, 6.14225, 7.67179],
			"rotation": {"angle": 22.5, "axis": "y", "origin": [8.38635, 5.11725, 6.67179]},
			"faces": {
				"east": {"uv": [0, 9, 1.25, 10], "texture": "#1"},
				"west": {"uv": [9, 1, 10.25, 2], "texture": "#1"},
				"up": {"uv": [10.5, 10.25, 10, 9], "texture": "#1"},
				"down": {"uv": [0.5, 11, 0, 12.25], "texture": "#1"}
			}
		},
		{
			"from": [8.38509, 5.14225, 8.37769],
			"to": [8.88509, 6.14225, 9.72769],
			"rotation": {"angle": -22.5, "axis": "y", "origin": [8.63509, 5.11725, 8.72769]},
			"faces": {
				"east": {"uv": [9, 2, 10.25, 3], "texture": "#1"},
				"west": {"uv": [9, 3, 10.25, 4], "texture": "#1"},
				"up": {"uv": [11.5, 1.25, 11, 0], "texture": "#1"},
				"down": {"uv": [1.5, 11, 1, 12.25], "texture": "#1"}
			}
		},
		{
			"from": [7.23928, 5.14225, 8.35295],
			"to": [7.73928, 6.14225, 9.70295],
			"rotation": {"angle": 22.5, "axis": "y", "origin": [7.48928, 5.11725, 9.02795]},
			"faces": {
				"west": {"uv": [9, 4, 10.25, 5], "texture": "#1"},
				"up": {"uv": [2.5, 12.25, 2, 11], "texture": "#1"},
				"down": {"uv": [11.5, 2, 11, 3.25], "texture": "#1"}
			}
		},
		{
			"from": [7, 5.14225, 7.5],
			"to": [7.5, 6.14225, 8.5],
			"rotation": {"angle": 0, "axis": "z", "origin": [7.13036, 5.11725, 8]},
			"faces": {
				"west": {"uv": [2, 10, 3, 11], "texture": "#1"},
				"up": {"uv": [11.5, 12, 11, 11], "texture": "#1"},
				"down": {"uv": [12.5, 0, 12, 1], "texture": "#1"}
			}
		},
		{
			"from": [7.23928, 5.14225, 6.29705],
			"to": [7.73928, 6.14225, 7.64705],
			"rotation": {"angle": -22.5, "axis": "y", "origin": [7.48928, 5.11725, 6.97205]},
			"faces": {
				"west": {"uv": [9, 5, 10.25, 6], "texture": "#1"},
				"up": {"uv": [11.5, 5.25, 11, 4], "texture": "#1"},
				"down": {"uv": [5.5, 11, 5, 12.25], "texture": "#1"}
			}
		},
		{
			"from": [7.75, 2.14225, 7],
			"to": [8.25, 5.14225, 9],
			"rotation": {"angle": 0, "axis": "y", "origin": [8, -3.85775, 6]},
			"faces": {
				"north": {"uv": [5, 8, 5.5, 11], "texture": "#1"},
				"east": {"uv": [4, 0, 6, 3], "texture": "#1"},
				"south": {"uv": [6, 8, 6.5, 11], "texture": "#1"},
				"west": {"uv": [4, 3, 6, 6], "texture": "#1"},
				"down": {"uv": [4.5, 10, 4, 12], "texture": "#1"}
			}
		},
		{
			"from": [7.9, 11.49313, 8.27828],
			"to": [8.1, 12.24313, 9.00328],
			"rotation": {"angle": 0, "axis": "x", "origin": [8, 11.99313, 8.50328]},
			"faces": {
				"north": {"uv": [13, 10, 13.25, 10.75], "texture": "#1"},
				"east": {"uv": [6, 11, 6.75, 11.75], "texture": "#1"},
				"south": {"uv": [11, 13, 11.25, 13.75], "texture": "#1"},
				"west": {"uv": [11, 6, 11.75, 6.75], "texture": "#1"},
				"up": {"uv": [13.25, 11.75, 13, 11], "texture": "#1"}
			}
		},
		{
			"from": [7.9, 12.24313, 8.52328],
			"to": [8.1, 12.93013, 9.00328],
			"rotation": {"angle": 0, "axis": "x", "origin": [8, 12.01813, 8.49828]},
			"faces": {
				"east": {"uv": [10, 12, 10.5, 12.75], "texture": "#1"},
				"south": {"uv": [14, 1, 14.25, 1.75], "texture": "#1"},
				"west": {"uv": [11, 12, 11.5, 12.75], "texture": "#1"},
				"up": {"uv": [14.25, 4.5, 14, 4], "texture": "#1"}
			}
		},
		{
			"from": [7.9, 12.24313, 8.47828],
			"to": [8.1, 12.93013, 8.52328],
			"rotation": {"angle": 0, "axis": "x", "origin": [8, 12.01813, 8.50328]},
			"faces": {
				"north": {"uv": [14, 2, 14.25, 2.75], "texture": "#1"},
				"east": {"uv": [3, 14, 3.25, 14.75], "texture": "#1"},
				"west": {"uv": [4, 14, 4.25, 14.75], "texture": "#1"},
				"up": {"uv": [14.25, 5.25, 14, 5], "texture": "#1"}
			}
		},
		{
			"from": [7.9001, 12.62902, 8.59391],
			"to": [8.0999, 13.70402, 9.31891],
			"rotation": {"angle": -22.5, "axis": "x", "origin": [7.9999, 11.20402, 10.84391]},
			"faces": {
				"north": {"uv": [13, 4, 13.25, 5], "texture": "#1"},
				"east": {"uv": [10, 8, 10.75, 9], "texture": "#1"},
				"south": {"uv": [5, 13, 5.25, 14], "texture": "#1"},
				"west": {"uv": [9, 10, 9.75, 11], "texture": "#1"},
				"up": {"uv": [13.25, 12.75, 13, 12], "texture": "#1"},
				"down": {"uv": [13.25, 13, 13, 13.75], "texture": "#1"}
			}
		},
		{
			"from": [7.9, 5.41813, 7.80328],
			"to": [8.1, 11.49313, 9.00328],
			"rotation": {"angle": 0, "axis": "x", "origin": [8, 11.99313, 8.57828]},
			"faces": {
				"north": {"uv": [7, 8, 7.25, 14], "texture": "#1"},
				"east": {"uv": [0, 0, 1.25, 6], "texture": "#1"},
				"south": {"uv": [8, 8, 8.25, 14], "texture": "#1"},
				"west": {"uv": [2, 0, 3.25, 6], "texture": "#1"},
				"up": {"uv": [12.25, 12.25, 12, 11], "texture": "#1"}
			}
		},
		{
			"from": [7.9001, 11.46414, 7.40507],
			"to": [8.0998, 12.58914, 8.28007],
			"rotation": {"angle": -45, "axis": "x", "origin": [8, 12.05164, 7.96757]},
			"faces": {
				"east": {"uv": [9, 6, 10, 7.25], "texture": "#1"},
				"west": {"uv": [9, 8, 10, 9.25], "texture": "#1"},
				"up": {"uv": [13.25, 6, 13, 5], "texture": "#1"}
			}
		},
		{
			"from": [7.9, 9.72751, 6.83042],
			"to": [8.0998, 11.72751, 8.10542],
			"rotation": {"angle": 22.5, "axis": "x", "origin": [7.99999, 10.97751, 7.78042]},
			"faces": {
				"north": {"uv": [12, 1, 12.25, 3], "texture": "#1"},
				"east": {"uv": [7, 4, 8.25, 6], "texture": "#1"},
				"west": {"uv": [7, 6, 8.25, 8], "texture": "#1"},
				"up": {"uv": [2.25, 14.25, 2, 13], "texture": "#1"}
			}
		},
		{
			"from": [7.9, 7.8612, 6.42438],
			"to": [8.0998, 10.1862, 7.82438],
			"rotation": {"angle": 0, "axis": "x", "origin": [7.99999, 9.6862, 10.47438]},
			"faces": {
				"north": {"uv": [11, 7, 11.25, 9.25], "texture": "#1"},
				"east": {"uv": [7, 1, 8.5, 3.25], "texture": "#1"},
				"west": {"uv": [2, 7, 3.5, 9.25], "texture": "#1"},
				"down": {"uv": [12.25, 9, 12, 10.5], "texture": "#1"}
			}
		},
		{
			"from": [7.90005, 6.3449, 6.83042],
			"to": [8.0998, 8.3199, 8.58042],
			"rotation": {"angle": -22.5, "axis": "x", "origin": [7.99995, 7.0699, 7.78042]},
			"faces": {
				"north": {"uv": [12, 3, 12.25, 5], "texture": "#1"},
				"east": {"uv": [5, 6, 6.75, 8], "texture": "#1"},
				"west": {"uv": [0, 7, 1.75, 9], "texture": "#1"},
				"up": {"uv": [12.25, 6.75, 12, 5], "texture": "#1"},
				"down": {"uv": [6.25, 12, 6, 13.75], "texture": "#1"}
			}
		},
		{
			"from": [7.90001, 5.48167, 7.39988],
			"to": [8.09981, 6.55667, 8.27488],
			"rotation": {"angle": 45, "axis": "x", "origin": [8, 6.01917, 7.96238]},
			"faces": {
				"north": {"uv": [13, 7, 13.25, 8], "texture": "#1"},
				"east": {"uv": [10, 6, 11, 7], "texture": "#1"},
				"west": {"uv": [10, 7, 11, 8], "texture": "#1"}
			}
		}
	],
	"display": {
		"thirdperson_righthand": {
			"translation": [0, 3, 2],
			"scale": [1.13, 1.13, 1.13]
		},
		"firstperson_righthand": {
			"rotation": [16, 22, 0],
			"translation": [0.5, 3.75, 0],
			"scale": [1.07, 1.07, 1.07]
		},
		"ground": {
			"rotation": [45, 0, 0]
		},
		"gui": {
			"rotation": [52, -137, 65],
			"translation": [0.75, 0.75, 0],
			"scale": [1.3, 1.3, 1.3]
		},
		"fixed": {
			"rotation": [0, 90, 0],
			"translation": [0, 0.75, 0],
			"scale": [1.3, 1.3, 1.3]
		}
	},
	"groups": [
		{
			"name": "group",
			"origin": [3.95894, 14.875, 8.84677],
			"color": 0,
			"children": []
		},
		{
			"name": "handle",
			"origin": [12.04106, 14.875, 8.84677],
			"color": 0,
			"children": [0, 1, 2, 3, 4, 5, 6, 7]
		},
		{
			"name": "blade",
			"origin": [8, 6.00687, 8.22354],
			"color": 0,
			"children": [8, 9, 10, 11, 12, 13, 14, 15, 16, 17]
		}
	]
}