{
	"credit": "Made with Blockbench",
	"textures": {
		"1": "item/worn_dagger",
		"particle": "item/worn_dagger"
	},
	"elements": [
		{
			"from": [7.75, 1.25, 7],
			"to": [8.25, 6.25, 9],
			"rotation": {"angle": 0, "axis": "y", "origin": [-0.25, 0, 16.275]},
			"faces": {
				"north": {"uv": [7.5, 7, 7, 12], "texture": "#1"},
				"east": {"uv": [2, 0, 0, 5], "texture": "#1"},
				"south": {"uv": [5.5, 7, 5, 12], "texture": "#1"},
				"west": {"uv": [4, 0, 2, 5], "texture": "#1"}
			}
		},
		{
			"from": [7.5, 5.75, 6.725],
			"to": [8.5, 6.75, 9.225],
			"rotation": {"angle": 0, "axis": "y", "origin": [0, 0, 16]},
			"faces": {
				"north": {"uv": [9, 5, 8, 6], "texture": "#1"},
				"east": {"uv": [8.5, 0, 6, 1], "texture": "#1"},
				"south": {"uv": [9, 4, 8, 5], "texture": "#1"},
				"west": {"uv": [8.5, 1, 6, 2], "texture": "#1"},
				"up": {"uv": [7, 2, 6, 4.5], "texture": "#1"},
				"down": {"uv": [7, 7.5, 6, 5], "texture": "#1"}
			}
		},
		{
			"from": [7.5, 0.75, 6.75],
			"to": [8.5, 1.75, 9.25],
			"rotation": {"angle": 0, "axis": "y", "origin": [0, 0, 16]},
			"faces": {
				"north": {"uv": [9, 6, 8, 7], "texture": "#1"},
				"east": {"uv": [9.5, 2, 7, 3], "texture": "#1"},
				"south": {"uv": [7, 8, 6, 9], "texture": "#1"},
				"west": {"uv": [9.5, 3, 7, 4], "texture": "#1"},
				"up": {"uv": [5, 7, 4, 9.5], "texture": "#1"},
				"down": {"uv": [8, 6.5, 7, 4], "texture": "#1"}
			}
		},
		{
			"from": [7.85, 6.7, 6.975],
			"to": [8.15, 13.2, 8.475],
			"rotation": {"angle": 0, "axis": "y", "origin": [7.85, 12.7, 9]},
			"faces": {
				"north": {"uv": [3.5, 5, 3, 11.5], "texture": "#1"},
				"east": {"uv": [5.5, 0, 4, 6.5], "texture": "#1"},
				"south": {"uv": [2.5, 5, 2, 11.5], "texture": "#1"},
				"west": {"uv": [1.5, 5, 0, 11.5], "texture": "#1"},
				"up": {"uv": [8.5, 7, 8, 8.5], "texture": "#1"},
				"down": {"uv": [9.5, 1.5, 9, 0], "texture": "#1"}
			}
		},
		{
			"from": [7.85, 6.7, 8.475],
			"to": [8.15, 7.2, 8.975],
			"rotation": {"angle": 0, "axis": "y", "origin": [7.85, 12.7, 9]},
			"faces": {
				"north": {"uv": [10.5, 0, 10, 0.5], "texture": "#1"},
				"east": {"uv": [9.5, 9, 9, 9.5], "texture": "#1"},
				"south": {"uv": [9.5, 8, 9, 8.5], "texture": "#1"},
				"west": {"uv": [10.5, 1, 10, 1.5], "texture": "#1"},
				"up": {"uv": [10.5, 2, 10, 2.5], "texture": "#1"},
				"down": {"uv": [10.5, 3.5, 10, 3], "texture": "#1"}
			}
		},
		{
			"from": [8, 7.7, 8.475],
			"to": [8, 8.2, 8.875],
			"rotation": {"angle": 0, "axis": "y", "origin": [7.85, 12.7, 9]},
			"faces": {
				"north": {"uv": [0, 0, 0, 0.5], "texture": "#1"},
				"east": {"uv": [4.5, 10, 4, 10.5], "texture": "#1"},
				"south": {"uv": [0, 0, 0, 0.5], "texture": "#1"},
				"west": {"uv": [10.5, 4, 10, 4.5], "texture": "#1"},
				"up": {"uv": [0, 0, 0, 0.5], "texture": "#1"},
				"down": {"uv": [0, 0.5, 0, 0], "texture": "#1"}
			}
		},
		{
			"from": [8, 8.7, 8.475],
			"to": [8, 9.075, 8.875],
			"rotation": {"angle": 0, "axis": "y", "origin": [7.85, 12.7, 9]},
			"faces": {
				"north": {"uv": [0, 0, 0, 0.5], "texture": "#1"},
				"east": {"uv": [10.5, 5, 10, 5.5], "texture": "#1"},
				"south": {"uv": [0, 0, 0, 0.5], "texture": "#1"},
				"west": {"uv": [6.5, 10, 6, 10.5], "texture": "#1"},
				"up": {"uv": [0, 0, 0, 0.5], "texture": "#1"},
				"down": {"uv": [0, 0.5, 0, 0], "texture": "#1"}
			}
		},
		{
			"from": [8, 9.7, 8.475],
			"to": [8, 10.2, 8.8],
			"rotation": {"angle": 0, "axis": "y", "origin": [7.85, 12.7, 9]},
			"faces": {
				"north": {"uv": [0, 0, 0, 0.5], "texture": "#1"},
				"east": {"uv": [10.5, 6, 10, 6.5], "texture": "#1"},
				"south": {"uv": [0, 0, 0, 0.5], "texture": "#1"},
				"west": {"uv": [10.5, 7, 10, 7.5], "texture": "#1"},
				"up": {"uv": [0, 0, 0, 0.5], "texture": "#1"},
				"down": {"uv": [0, 0.5, 0, 0], "texture": "#1"}
			}
		},
		{
			"from": [8, 10.7, 8.475],
			"to": [8, 11.2, 8.8],
			"rotation": {"angle": 0, "axis": "y", "origin": [7.85, 12.7, 9]},
			"faces": {
				"north": {"uv": [0, 0, 0, 0.5], "texture": "#1"},
				"east": {"uv": [10.5, 10, 10, 10.5], "texture": "#1"},
				"south": {"uv": [0, 0, 0, 0.5], "texture": "#1"},
				"west": {"uv": [11.5, 0, 11, 0.5], "texture": "#1"},
				"up": {"uv": [0, 0, 0, 0.5], "texture": "#1"},
				"down": {"uv": [0, 0.5, 0, 0], "texture": "#1"}
			}
		},
		{
			"from": [8, 11.7, 8.475],
			"to": [8, 12.2, 8.8],
			"rotation": {"angle": 0, "axis": "y", "origin": [7.85, 12.7, 9]},
			"faces": {
				"north": {"uv": [0, 0, 0, 0.5], "texture": "#1"},
				"east": {"uv": [8.5, 10, 8, 10.5], "texture": "#1"},
				"south": {"uv": [0, 0, 0, 0.5], "texture": "#1"},
				"west": {"uv": [10.5, 8, 10, 8.5], "texture": "#1"},
				"up": {"uv": [0, 0, 0, 0.5], "texture": "#1"},
				"down": {"uv": [0, 0.5, 0, 0], "texture": "#1"}
			}
		},
		{
			"from": [8, 12.7, 8.475],
			"to": [8, 13.2, 8.9],
			"rotation": {"angle": 0, "axis": "y", "origin": [7.85, 12.7, 9]},
			"faces": {
				"north": {"uv": [0, 0, 0, 0.5], "texture": "#1"},
				"east": {"uv": [9.5, 10, 9, 10.5], "texture": "#1"},
				"south": {"uv": [0, 0, 0, 0.5], "texture": "#1"},
				"west": {"uv": [10.5, 9, 10, 9.5], "texture": "#1"},
				"up": {"uv": [0, 0, 0, 0.5], "texture": "#1"},
				"down": {"uv": [0, 0.5, 0, 0], "texture": "#1"}
			}
		},
		{
			"from": [7.85, 13.2, 7.475],
			"to": [8.15, 13.7, 8.475],
			"rotation": {"angle": 0, "axis": "y", "origin": [7.85, 12.7, 9]},
			"faces": {
				"north": {"uv": [8.5, 9, 8, 9.5], "texture": "#1"},
				"east": {"uv": [10, 4, 9, 4.5], "texture": "#1"},
				"south": {"uv": [9.5, 7, 9, 7.5], "texture": "#1"},
				"west": {"uv": [10, 5, 9, 5.5], "texture": "#1"},
				"up": {"uv": [6.5, 9, 6, 10], "texture": "#1"},
				"down": {"uv": [9.5, 7, 9, 6], "texture": "#1"}
			}
		},
		{
			"from": [7.85, 13.7, 7.6],
			"to": [8.15, 14.2, 8.1],
			"rotation": {"angle": 0, "axis": "y", "origin": [7.85, 12.7, 9]},
			"faces": {
				"north": {"uv": [11.5, 3, 11, 3.5], "texture": "#1"},
				"east": {"uv": [11.5, 2, 11, 2.5], "texture": "#1"},
				"south": {"uv": [11.5, 1, 11, 1.5], "texture": "#1"},
				"west": {"uv": [4.5, 11, 4, 11.5], "texture": "#1"},
				"up": {"uv": [11.5, 4, 11, 4.5], "texture": "#1"},
				"down": {"uv": [11.5, 5.5, 11, 5], "texture": "#1"}
			}
		}
	],
	"display": {
		"thirdperson_righthand": {
			"rotation": [-9, 0, 0],
			"translation": [0, 2.25, 1.5],
			"scale": [1.05, 1.05, 1.05]
		},
		"thirdperson_lefthand": {
			"translation": [0, 2.75, 2],
			"scale": [1.05, 1.05, 1.05]
		},
		"firstperson_righthand": {
			"rotation": [22.5, 0, 0],
			"translation": [0, 2.75, 1],
			"scale": [1.21, 1.21, 1.21]
		},
		"firstperson_lefthand": {
			"rotation": [0, 8, 0],
			"scale": [1.5, 1.5, 1.5]
		},
		"ground": {
			"rotation": [45, 0, 0]
		},
		"gui": {
			"rotation": [52, -137, 65],
			"translation": [0.75, 1.25, 0],
			"scale": [1.48, 1.48, 1.48]
		},
		"head": {
			"rotation": [-90, 0, 180],
			"translation": [3.25, -2, -7]
		},
		"fixed": {
			"rotation": [0, 90, 0],
			"scale": [1.5, 1.5, 1.5]
		}
	}
}