{
    "ssbu.critical_hit": {
        "sounds": [
            "ut:ssbu_criticalhit"
        ]
    },
    "lv_up": {
        "sounds": [
            "ut:ut_lv_up"
        ]
    },
    "powerup": {
        "sounds": [
            "ut:ut_powerup"
        ]
    },
    "select": {
        "sounds": [
            "ut:ut_select"
        ]
    },
    "hurt": {
        "sounds": [
            "ut:ut_hurt"
        ]
    },
    "spearappear": {
        "sounds": [
            "ut:ut_spearappear"
        ]
    },
    "attack.timed": {
        "sounds": [
            "ut:ut_timedattack"
        ]
    },
    "attack.timed_perfectly": {
        "sounds": [
            "ut:ut_goodtiming"
        ]
    },
    "strongpunch": {
        "sounds": [
            "ut:ut_strongpunch"
        ]
    },
    "attack.hit.frypan": {
        "sounds": [
            "ut:ut_frypan"
        ]
    },
    "attack.hit.gunshot": {
        "sounds": [
            "ut:ut_gunshot"
        ]
    },
    "attack.hit.bookspin": {
        "sounds": [
            "ut:ut_bookspin"
        ]
    },
    "attack.hit.critical": {
        "sounds": [
            "ut:ut_timedattack_critical"
        ]
    },
    "switchpull": {
        "sounds": [
            "ut:ut_switchpull"
        ]
    },
    "heavyhurt": {
        "sounds": [
            "ut:ut_heavyhurt"
        ]
    },
    "hero": {
        "sounds": [
            "ut:ut_hero"
        ]
    },
    "death": {
        "sounds": [
            "ut:ut_death"
        ]
    },
    "slash": {
        "sounds": [
            "ut:ut_slash"
        ]
    },
    "hit": {
        "sounds": [
            "ut:ut_hit"
        ]
    },
    "heal": {
        "sounds": [
            "ut:ut_heal"
        ]
    },
    "itemheal": {
        "sounds": [
            "ut:ut_itemheal"
        ]
    },
    "itemheal.legendary_hero": {
        "sounds": [
            "ut:ut_itemhero"
        ]
    },
    "heartshot": {
        "sounds": [
            "ut:ut_heartshot"
        ]
    },
    "yellow.heartshot": {
        "sounds": [
            "ut:ut_y_heartshot"
        ]
    },
    "create": {
        "sounds": [
            "ut:ut_create"
        ]
    },
    "arrowparry": {
        "sounds": [
            "ut:ut_arrowparry"
        ]
    },
    "double_jump": {
        "sounds": [
            "ut:ut_dj"
        ]
    },
    "criticalhit": {
        "sounds": [
            "ut:ut_criticalhit"
        ]
    },
    "speedup": {
        "sounds": [
            "ut:ut_speedup"
        ]
    },
    "highnoon": {
        "sounds": [
            "ut:ut_highnoon"
        ]
    },
    "toss": {
        "sounds": [
            "ut:ut_toss"
        ]
    },
    "asgore_swipe": {
        "sounds": [
            "ut:ut_asgore_swipe"
        ]
    },
    "eyeflash": {
        "sounds": [
            "ut:ut_eyeflash"
        ]
    },
    "firesummon": {
        "sounds": [
            "ut:ut_firesummon"
        ]
    },
    "fireshoot": {
        "sounds": [
            "ut:ut_fireshoot"
        ]
    },
    "bluh": {
        "sounds": [
            "ut:ut_bluh"
        ]
    },
    "impact": {
        "sounds": [
            "ut:ut_impact"
        ]
    },
    "buyitem": {
        "sounds": [
            "ut:ut_buyitem"
        ]
    },
    "mus.vsasgore": {
        "sounds": [
            "ut:mus_vsasgore"
        ]
    },
    "mus.undynetheme": {
        "sounds": [
            "ut:mus_undynetheme"
        ]
    },
    "mus.undynetruetheme": {
        "sounds": [
            "ut:mus_undynetruetheme"
        ]
    },
    "mus.temmievillageremix": {
        "sounds": [
            "ut:mus_temmievillagetrapremix"
        ]
    },
    "mus.dogroom": {
        "sounds": [
            "ut:mus_dogroom"
        ]
    },
    "dt.bigshot_charge": {
        "sounds": [
            "ut:dt_bigshot_charge"
        ]
    },
    "dt.bigshot_charge.loop": {
        "sounds": [
            "ut:dt_bigshot_charge_loop"
        ]
    },
    "dt.bigshot_fire": {
        "sounds": [
            "ut:dt_bigshot_shoot"
        ]
    }
}