{
  "parent": "minecraft:item/handheld",
  "textures": {
      "layer0": "item/glistering_melon_slice"
  },
"overrides": 
[
  
  { "predicate": { "custom_model_data": 10000000}, "model": "redwood/guanyin/guanyin_hand_right"},
  { "predicate": { "custom_model_data": 10000001}, "model": "redwood/guanyin/guanyin_hand_left"},
  { "predicate": { "custom_model_data": 10000002}, "model": "redwood/guanyin/guanyin_body"},
  { "predicate": { "custom_model_data": 21200000}, "model": "redwood/mahoraga/wheel0"},
  { "predicate": { "custom_model_data": 21200001}, "model": "redwood/mahoraga/wheel1"},
  { "predicate": { "custom_model_data": 21200002}, "model": "redwood/mahoraga/wheel2"},
  { "predicate": { "custom_model_data": 21200003}, "model": "redwood/mahoraga/wheel3"},
  { "predicate": { "custom_model_data": 21200004}, "model": "redwood/mahoraga/wheel4"},
  { "predicate": { "custom_model_data": 21200005}, "model": "redwood/mahoraga/wheel5"},
  { "predicate": { "custom_model_data": 21200006}, "model": "redwood/mahoraga/wheel6"},
  { "predicate": { "custom_model_data": 21200007}, "model": "redwood/mahoraga/wheel7"},
  { "predicate": { "custom_model_data": 21200008}, "model": "redwood/mahoraga/wheel8"},
  { "predicate": { "custom_model_data": 21200009}, "model": "redwood/mahoraga/wheel9"},
  { "predicate": { "custom_model_data": 21200010}, "model": "redwood/mahoraga/wheel10"},
  { "predicate": { "custom_model_data": 21200011}, "model": "redwood/mahoraga/wheel11"},
  { "predicate": { "custom_model_data": 21200012}, "model": "redwood/mahoraga/wheel12"},
  { "predicate": { "custom_model_data": 21200013}, "model": "redwood/mahoraga/wheel13"},
  { "predicate": { "custom_model_data": 21200014}, "model": "redwood/mahoraga/wheel14"},
  { "predicate": { "custom_model_data": 21200015}, "model": "redwood/mahoraga/wheel15"},
  { "predicate": { "custom_model_data": 21200016}, "model": "redwood/mahoraga/wheel16"},
  { "predicate": { "custom_model_data": 21200017}, "model": "redwood/mahoraga/wheel17"},
  { "predicate": { "custom_model_data": 21200018}, "model": "redwood/mahoraga/wheel18"},
  { "predicate": { "custom_model_data": 21200019}, "model": "redwood/mahoraga/wheel19"},
  { "predicate": { "custom_model_data": 21200020}, "model": "redwood/mahoraga/wheel20"}

]

}