{
    "hollow.purple": {
        "sounds": [
            {
                "name": "custom/hollowpurples",
                "weight": 1
            }
        ]
    },
    "younghollow.purple": {
        "sounds": [
            {
                "name": "custom/hollowpurpled",
                "weight": 1
            }
        ]
    },
    "tuca": {
        "sounds": [
            {
                "name": "custom/tuca",
                "weight": 1
            }
        ]
    },  
    "chantedhollowpurple": {
        "sounds": [
            {
                "name": "custom/chantedhollowpurple",
                "weight": 1
            }
        ]
    },    
    "chantedhollowpurplemusic": {
        "sounds": [
            {
                "name": "custom/chantedhollowpurplemusic",
                "weight": 1
            }
        ]
    },    
    "limitless.void": {
        "sounds": [
            {
                "name": "custom/limitlessvoided",
                "weight": 1
            }
        ]
    },
    "reversal.red": {
        "sounds": [
            {
                "name": "custom/revred",
                "weight": 1
            }
        ]
    },
    "control.blue": {
        "sounds": [
            {
                "name": "custom/contblue",
                "weight": 1
            }
        ]
    },
    "delayed.red": {
        "sounds": [
            {
                "name": "custom/delred",
                "weight": 1
            }
        ]
    },
    "throw.blue": {
        "sounds": [
            {
                "name": "custom/throwblue",
                "weight": 1
            }
        ]
    },
    "six.eyesgojo": {
        "sounds": [
            {
                "name": "custom/sixeyes",
                "weight": 1
            }
        ]
    },
    "gojover": {
        "sounds": [
            {
                "name": "custom/gojover",
                "weight": 1
            }
        ]
    },
    "gravity.gojo": {
        "sounds": [
            {
                "name": "custom/gravitygojo",
                "weight": 1
            }
        ]
    },
    "sukunasdomain": {
        "sounds": [
            {
                "name": "custom/sukunasdomain",
                "weight": 1
            }
        ]
    },
    "sukunasopen": {
        "sounds": [
            {
                "name": "custom/sukunasopen",
                "weight": 1
            }
        ]
    },
    "getcrushed": {
        "sounds": [
            {
                "name": "custom/crushed",
                "weight": 1
            }
        ]
    },
    "dontmove": {
        "sounds": [
            {
                "name": "custom/dontmove",
                "weight": 1
            }
        ]
    },
    "togeselectionsound": {
        "sounds": [
            {
                "name": "custom/togeselectionsound",
                "weight": 1
            }
        ]
    },
    "togeoveruse": {
        "sounds": [
            {
                "name": "custom/togeoveruse",
                "weight": 1
            }
        ]
    },
    "blastaway": {
        "sounds": [
            {
                "name": "custom/blastaway",
                "weight": 1
            }
        ]
    },
    "mahito.domain": {
        "sounds": [
            {
                "name": "custom/mahitodomain",
                "weight": 1
            }
        ]
    },
    "mahito.domain.in": {
        "sounds": [
            {
                "name": "custom/mahitodomain.in",
                "weight": 1
            }
        ]
    },
    "crumbleaway": {
        "sounds": [
            {
                "name": "custom/crumble",
                "weight": 1
            }
        ]
    }
}